mean_free_mm,final_free_mm,p95_free_mm,p99_free_mm,max_free_mm,max_pred_frame,max_free_local_index,rel_l2_pct,case,eval_sample_id,source_sample_id,mesh_size_mm,method
0.0028023303020745516,0.0040742638520896435,0.009666865691542625,0.02004915662109852,0.06426882743835449,7,3151,0.014405425474714502,trajectory_bend_Base_TC4_sample_0183.npz,183,4,0.8,roundtrip
0.022648299112915993,0.040525078773498535,0.05976322665810585,0.08505754172801971,0.15586987137794495,10,3232,0.07969500804675023,trajectory_bend_Base_TC4_sample_0183.npz,183,4,0.8,pod_oracle
0.053121838718652725,0.07419681549072266,0.0839746966958046,0.10808474570512772,0.17178815603256226,136,1504,0.15741810897375522,trajectory_bend_Base_TC4_sample_0183.npz,183,4,0.8,rom
0.0031748819164931774,0.004527925048023462,0.011940798722207546,0.01854652538895607,0.07182091474533081,7,1905,0.014963540375235654,trajectory_bend_Base_TC4_sample_0004.npz,4,4,1.0,roundtrip
0.01887858845293522,0.040887802839279175,0.0524962916970253,0.07607313990592957,0.1316397786140442,13,1863,0.06849737957075012,trajectory_bend_Base_TC4_sample_0004.npz,4,4,1.0,pod_oracle
0.027443498373031616,0.0427895225584507,0.058493830263614655,0.08084242045879364,0.1335640549659729,160,718,0.08566194956975313,trajectory_bend_Base_TC4_sample_0004.npz,4,4,1.0,rom
0.004066059831529856,0.005939909722656012,0.013320213183760643,0.02784518525004387,0.06922776252031326,7,1253,0.018966743789655377,trajectory_bend_Base_TC4_sample_0184.npz,184,4,1.25,roundtrip
0.025641582906246185,0.04797620326280594,0.0649532750248909,0.089472196996212,0.16629177331924438,175,1286,0.08816354115102583,trajectory_bend_Base_TC4_sample_0184.npz,184,4,1.25,pod_oracle
0.02953276038169861,0.05535389855504036,0.07112691551446915,0.09971427172422409,0.17932511866092682,180,1286,0.09641395790358033,trajectory_bend_Base_TC4_sample_0184.npz,184,4,1.25,rom
0.003609484527260065,0.005139417015016079,0.012543108314275742,0.034877173602581024,0.13893884420394897,10,12998,0.010224492679121748,trajectory_bend_Base_TC4_sample_0185.npz,185,3,0.8,roundtrip
0.018423251807689667,0.02834894508123398,0.05465313047170639,0.10101260244846344,0.21407689154148102,76,9340,0.032969689101917936,trajectory_bend_Base_TC4_sample_0185.npz,185,3,0.8,pod_oracle
0.03715132176876068,0.0463491752743721,0.07167230546474457,0.10579174757003784,0.22338686883449554,163,4543,0.051670286886739164,trajectory_bend_Base_TC4_sample_0185.npz,185,3,0.8,rom
0.0032445325050503016,0.0049917795695364475,0.012946687638759613,0.031422290951013565,0.12647171318531036,5,8325,0.00917957431578791,trajectory_bend_Base_TC4_sample_0003.npz,3,3,1.0,roundtrip
0.01725413091480732,0.02743646502494812,0.05221925303339958,0.10176757723093033,0.1981889307498932,126,4125,0.03167894229202123,trajectory_bend_Base_TC4_sample_0003.npz,3,3,1.0,pod_oracle
0.030482204630970955,0.056776292622089386,0.07213945686817169,0.11149754375219345,0.22530363500118256,132,3916,0.045394524093224746,trajectory_bend_Base_TC4_sample_0003.npz,3,3,1.0,rom
0.0039861309342086315,0.006266576703637838,0.01642737165093422,0.03497589752078056,0.13025444746017456,10,5345,0.010590435510439542,trajectory_bend_Base_TC4_sample_0186.npz,186,3,1.25,roundtrip
0.01777617819607258,0.030057132244110107,0.0533127635717392,0.10310980677604675,0.23115326464176178,177,1758,0.03284651363447905,trajectory_bend_Base_TC4_sample_0186.npz,186,3,1.25,pod_oracle
0.03200850635766983,0.044087402522563934,0.06863988190889359,0.11863252520561218,0.23058152198791504,164,1844,0.04645873343729998,trajectory_bend_Base_TC4_sample_0186.npz,186,3,1.25,rom
0.003618593094870448,0.0055556404404342175,0.013136264868080616,0.03262195363640785,0.12905964255332947,23,11078,0.010656492249026444,trajectory_bend_Base_TC4_sample_0174.npz,174,139,0.8,roundtrip
0.0179763101041317,0.029288198798894882,0.05130636319518089,0.09971023350954056,0.21673257648944855,113,6642,0.03491669036731922,trajectory_bend_Base_TC4_sample_0174.npz,174,139,0.8,pod_oracle
0.03299495950341225,0.05576745420694351,0.07353337109088898,0.1086338609457016,0.20770996809005737,150,4831,0.051183112154801876,trajectory_bend_Base_TC4_sample_0174.npz,174,139,0.8,rom
0.003875036956742406,0.0061308834701776505,0.014575152657926083,0.03107379749417305,0.124054916203022,9,7636,0.010311894208250395,trajectory_bend_Base_TC4_sample_0139.npz,139,139,1.0,roundtrip
0.019932573661208153,0.03130693733692169,0.05552862584590912,0.09929309785366058,0.2125028818845749,165,2634,0.03656502401124693,trajectory_bend_Base_TC4_sample_0139.npz,139,139,1.0,pod_oracle
0.02910342812538147,0.04365328326821327,0.06414801627397537,0.09961359947919846,0.21151617169380188,165,2654,0.04558951609278274,trajectory_bend_Base_TC4_sample_0139.npz,139,139,1.0,rom
0.004353174939751625,0.007165624760091305,0.018637506291270256,0.035355523228645325,0.13273414969444275,9,4647,0.012000827823712326,trajectory_bend_Base_TC4_sample_0175.npz,175,139,1.25,roundtrip
0.017096329480409622,0.025492364540696144,0.052658893167972565,0.09775430709123611,0.2121417075395584,179,1526,0.033920812950447264,trajectory_bend_Base_TC4_sample_0175.npz,175,139,1.25,pod_oracle
0.026574010029435158,0.041443485766649246,0.06773146241903305,0.10995515435934067,0.21718047559261322,165,1607,0.04469063639616972,trajectory_bend_Base_TC4_sample_0175.npz,175,139,1.25,rom
0.003674510633572936,0.005914183799177408,0.013412466272711754,0.03734546899795532,0.13943272829055786,9,20164,0.007846309463538122,trajectory_bend_Base_TC4_sample_0187.npz,187,15,0.8,roundtrip
0.017717065289616585,0.03238000348210335,0.0548238605260849,0.10235781222581863,0.24436189234256744,157,6959,0.023730228113941758,trajectory_bend_Base_TC4_sample_0187.npz,187,15,0.8,pod_oracle
0.03342461958527565,0.0792279839515686,0.10137853771448135,0.13691987097263336,0.2315623164176941,157,6990,0.04035782053193644,trajectory_bend_Base_TC4_sample_0187.npz,187,15,0.8,rom
0.004188790917396545,0.006488238926976919,0.014259085059165955,0.03972195088863373,0.1451999992132187,9,12605,0.008615489896114228,trajectory_bend_Base_TC4_sample_0015.npz,15,15,1.0,roundtrip
0.019445743411779404,0.03305183723568916,0.05650489404797554,0.10191485285758972,0.2361883819103241,154,4519,0.02501611369017965,trajectory_bend_Base_TC4_sample_0015.npz,15,15,1.0,pod_oracle
0.030458200722932816,0.056249186396598816,0.07138389348983765,0.11216112971305847,0.24779914319515228,9,12604,0.0329829820160111,trajectory_bend_Base_TC4_sample_0015.npz,15,15,1.0,rom
0.0045351809822022915,0.0073450286872684956,0.016211723908782005,0.03635982424020767,0.139837384223938,5,8121,0.008239385421485524,trajectory_bend_Base_TC4_sample_0188.npz,188,15,1.25,roundtrip
0.022823834791779518,0.04701872169971466,0.06661141663789749,0.10344019532203674,0.23944108188152313,180,2193,0.028245957713888332,trajectory_bend_Base_TC4_sample_0188.npz,188,15,1.25,pod_oracle
0.0407530851662159,0.06928811967372894,0.09402180463075638,0.13227863609790802,0.23478908836841583,158,2739,0.042701898133106014,trajectory_bend_Base_TC4_sample_0188.npz,188,15,1.25,rom
0.00453675864264369,0.007768772076815367,0.017918627709150314,0.0464131198823452,0.17857034504413605,10,32624,0.0071758059968955,trajectory_bend_Base_TC4_sample_0178.npz,178,128,0.8,roundtrip
0.02452758699655533,0.050152190029621124,0.07519714534282684,0.13214483857154846,0.39158910512924194,180,8832,0.024762454149382097,trajectory_bend_Base_TC4_sample_0178.npz,178,128,0.8,pod_oracle
0.042763080447912216,0.11226288229227066,0.1777724325656891,0.2320549637079239,0.34456220269203186,180,8832,0.046017798544048714,trajectory_bend_Base_TC4_sample_0178.npz,178,128,0.8,rom
0.00475969398394227,0.00751941092312336,0.01758875697851181,0.04461447522044182,0.1803196519613266,6,21686,0.007102346119103125,trajectory_bend_Base_TC4_sample_0128.npz,128,128,1.0,roundtrip
0.026250844821333885,0.04904388636350632,0.0730036273598671,0.12963348627090454,0.34996962547302246,180,5748,0.02486458758293764,trajectory_bend_Base_TC4_sample_0128.npz,128,128,1.0,pod_oracle
0.03446727246046066,0.05740448832511902,0.09647196531295776,0.14643557369709015,0.35232698917388916,180,5748,0.031119779832455043,trajectory_bend_Base_TC4_sample_0128.npz,128,128,1.0,rom
0.005068886559456587,0.00868274550884962,0.019594060257077217,0.04994800686836243,0.19149485230445862,6,13662,0.007652965891206899,trajectory_bend_Base_TC4_sample_0179.npz,179,128,1.25,roundtrip
0.02636306919157505,0.054460443556308746,0.08406475931406021,0.13754881918430328,0.33818724751472473,180,3662,0.026395854629595695,trajectory_bend_Base_TC4_sample_0179.npz,179,128,1.25,pod_oracle
0.047352731227874756,0.0849015936255455,0.1704784482717514,0.23334966599941254,0.34701481461524963,125,8712,0.04778526057718967,trajectory_bend_Base_TC4_sample_0179.npz,179,128,1.25,rom
