timestamp, index, utilization.gpu [%], memory.used [MiB], memory.total [MiB]
2026/09/11 16:35:11.887, 0, 0 %, 0 MiB, 24564 MiB
2026/09/11 16:35:12.891, 0, 0 %, 0 MiB, 24564 MiB
2026/09/11 16:35:13.891, 0, 0 %, 0 MiB, 24564 MiB
2026/09/11 16:35:14.892, 0, 0 %, 0 MiB, 24564 MiB
2026/09/11 16:35:15.892, 0, 0 %, 0 MiB, 24564 MiB
2026/09/11 16:35:16.893, 0, 0 %, 0 MiB, 24564 MiB
2026/09/11 16:35:17.893, 0, 0 %, 0 MiB, 24564 MiB
2026/09/11 16:35:18.894, 0, 0 %, 0 MiB, 24564 MiB
2026/09/11 16:35:19.895, 0, 0 %, 3 MiB, 24564 MiB
2026/09/11 16:35:20.895, 0, 0 %, 3 MiB, 24564 MiB
2026/09/11 16:35:21.896, 0, 0 %, 3 MiB, 24564 MiB
2026/09/11 16:35:22.896, 0, 0 %, 3 MiB, 24564 MiB
2026/09/11 16:35:23.897, 0, 0 %, 3 MiB, 24564 MiB
2026/09/11 16:35:24.897, 0, 0 %, 3 MiB, 24564 MiB
2026/09/11 16:35:25.898, 0, 0 %, 3 MiB, 24564 MiB
2026/09/11 16:35:26.898, 0, 0 %, 3 MiB, 24564 MiB
2026/09/11 16:35:27.899, 0, 0 %, 3 MiB, 24564 MiB
2026/09/11 16:35:28.900, 0, 0 %, 3 MiB, 24564 MiB
2026/09/11 16:35:29.900, 0, 0 %, 3 MiB, 24564 MiB
2026/09/11 16:35:30.901, 0, 0 %, 3 MiB, 24564 MiB
2026/09/11 16:35:31.901, 0, 0 %, 3 MiB, 24564 MiB
2026/09/11 16:35:32.902, 0, 0 %, 3 MiB, 24564 MiB
2026/09/11 16:35:33.902, 0, 0 %, 3 MiB, 24564 MiB
2026/09/11 16:35:34.903, 0, 0 %, 3 MiB, 24564 MiB
2026/09/11 16:35:35.904, 0, 0 %, 3 MiB, 24564 MiB
2026/09/11 16:35:36.904, 0, 0 %, 3 MiB, 24564 MiB
2026/09/11 16:35:37.905, 0, 0 %, 20 MiB, 24564 MiB
2026/09/11 16:35:38.906, 0, 0 %, 419 MiB, 24564 MiB
2026/09/11 16:35:39.907, 0, 2 %, 555 MiB, 24564 MiB
2026/09/11 16:35:40.907, 0, 29 %, 973 MiB, 24564 MiB
2026/09/11 16:35:41.908, 0, 51 %, 973 MiB, 24564 MiB
2026/09/11 16:35:42.908, 0, 47 %, 973 MiB, 24564 MiB
2026/09/11 16:35:43.909, 0, 59 %, 1093 MiB, 24564 MiB
2026/09/11 16:35:44.910, 0, 55 %, 1093 MiB, 24564 MiB
2026/09/11 16:35:45.910, 0, 53 %, 1093 MiB, 24564 MiB
2026/09/11 16:35:46.911, 0, 0 %, 565 MiB, 24564 MiB
2026/09/11 16:35:47.911, 0, 0 %, 5061 MiB, 24564 MiB
2026/09/11 16:35:48.912, 0, 91 %, 5101 MiB, 24564 MiB
2026/09/11 16:35:49.913, 0, 95 %, 5101 MiB, 24564 MiB
2026/09/11 16:35:50.913, 0, 95 %, 5101 MiB, 24564 MiB
2026/09/11 16:35:51.914, 0, 94 %, 5101 MiB, 24564 MiB
2026/09/11 16:35:52.914, 0, 95 %, 5101 MiB, 24564 MiB
2026/09/11 16:35:53.915, 0, 96 %, 5101 MiB, 24564 MiB
2026/09/11 16:35:54.915, 0, 96 %, 5101 MiB, 24564 MiB
2026/09/11 16:35:55.916, 0, 92 %, 5101 MiB, 24564 MiB
2026/09/11 16:35:56.917, 0, 95 %, 5101 MiB, 24564 MiB
2026/09/11 16:35:57.917, 0, 92 %, 5101 MiB, 24564 MiB
2026/09/11 16:35:58.918, 0, 95 %, 5101 MiB, 24564 MiB
2026/09/11 16:35:59.918, 0, 91 %, 5101 MiB, 24564 MiB
2026/09/11 16:36:00.919, 0, 95 %, 5101 MiB, 24564 MiB
2026/09/11 16:36:01.920, 0, 0 %, 5101 MiB, 24564 MiB
2026/09/11 16:36:02.921, 0, 0 %, 565 MiB, 24564 MiB
2026/09/11 16:36:03.921, 0, 0 %, 565 MiB, 24564 MiB
2026/09/11 16:36:04.922, 0, 94 %, 5731 MiB, 24564 MiB
2026/09/11 16:36:05.922, 0, 95 %, 5731 MiB, 24564 MiB
2026/09/11 16:36:06.923, 0, 96 %, 5731 MiB, 24564 MiB
2026/09/11 16:36:07.923, 0, 96 %, 5731 MiB, 24564 MiB
2026/09/11 16:36:08.924, 0, 96 %, 5731 MiB, 24564 MiB
2026/09/11 16:36:09.925, 0, 96 %, 5731 MiB, 24564 MiB
2026/09/11 16:36:10.925, 0, 94 %, 5731 MiB, 24564 MiB
2026/09/11 16:36:11.926, 0, 95 %, 5731 MiB, 24564 MiB
2026/09/11 16:36:12.926, 0, 94 %, 5731 MiB, 24564 MiB
2026/09/11 16:36:13.927, 0, 96 %, 5731 MiB, 24564 MiB
2026/09/11 16:36:14.927, 0, 95 %, 5731 MiB, 24564 MiB
2026/09/11 16:36:15.928, 0, 96 %, 5731 MiB, 24564 MiB
2026/09/11 16:36:16.929, 0, 92 %, 5731 MiB, 24564 MiB
2026/09/11 16:36:17.929, 0, 95 %, 5731 MiB, 24564 MiB
2026/09/11 16:36:18.930, 0, 95 %, 5731 MiB, 24564 MiB
2026/09/11 16:36:19.931, 0, 95 %, 5731 MiB, 24564 MiB
2026/09/11 16:36:20.931, 0, 0 %, 565 MiB, 24564 MiB
2026/09/11 16:36:21.932, 0, 58 %, 1133 MiB, 24564 MiB
2026/09/11 16:36:22.932, 0, 60 %, 1133 MiB, 24564 MiB
2026/09/11 16:36:23.933, 0, 57 %, 1133 MiB, 24564 MiB
2026/09/11 16:36:24.934, 0, 0 %, 565 MiB, 24564 MiB
2026/09/11 16:36:25.934, 0, 0 %, 1491 MiB, 24564 MiB
2026/09/11 16:36:26.935, 0, 70 %, 1493 MiB, 24564 MiB
2026/09/11 16:36:27.935, 0, 70 %, 1493 MiB, 24564 MiB
2026/09/11 16:36:28.936, 0, 70 %, 1493 MiB, 24564 MiB
2026/09/11 16:36:29.937, 0, 0 %, 565 MiB, 24564 MiB
2026/09/11 16:36:30.938, 0, 72 %, 2893 MiB, 24564 MiB
2026/09/11 16:36:31.938, 0, 90 %, 2895 MiB, 24564 MiB
2026/09/11 16:36:32.939, 0, 90 %, 2895 MiB, 24564 MiB
2026/09/11 16:36:33.939, 0, 90 %, 2895 MiB, 24564 MiB
2026/09/11 16:36:34.940, 0, 90 %, 2895 MiB, 24564 MiB
2026/09/11 16:36:35.941, 0, 89 %, 2895 MiB, 24564 MiB
2026/09/11 16:36:36.941, 0, 87 %, 2895 MiB, 24564 MiB
2026/09/11 16:36:37.942, 0, 0 %, 565 MiB, 24564 MiB
2026/09/11 16:36:38.942, 0, 0 %, 565 MiB, 24564 MiB
2026/09/11 16:36:39.943, 0, 95 %, 5479 MiB, 24564 MiB
2026/09/11 16:36:40.944, 0, 95 %, 5479 MiB, 24564 MiB
2026/09/11 16:36:41.944, 0, 96 %, 5479 MiB, 24564 MiB
2026/09/11 16:36:42.945, 0, 92 %, 5479 MiB, 24564 MiB
2026/09/11 16:36:43.945, 0, 96 %, 5479 MiB, 24564 MiB
2026/09/11 16:36:44.946, 0, 95 %, 5479 MiB, 24564 MiB
2026/09/11 16:36:45.946, 0, 91 %, 5479 MiB, 24564 MiB
2026/09/11 16:36:46.947, 0, 96 %, 5479 MiB, 24564 MiB
2026/09/11 16:36:47.948, 0, 93 %, 5479 MiB, 24564 MiB
2026/09/11 16:36:48.949, 0, 94 %, 5479 MiB, 24564 MiB
2026/09/11 16:36:49.949, 0, 92 %, 5479 MiB, 24564 MiB
2026/09/11 16:36:50.950, 0, 92 %, 5479 MiB, 24564 MiB
2026/09/11 16:36:51.950, 0, 94 %, 5479 MiB, 24564 MiB
2026/09/11 16:36:52.951, 0, 91 %, 5479 MiB, 24564 MiB
2026/09/11 16:36:53.952, 0, 0 %, 5219 MiB, 24564 MiB
2026/09/11 16:36:54.952, 0, 0 %, 1071 MiB, 24564 MiB
2026/09/11 16:36:55.953, 0, 57 %, 1071 MiB, 24564 MiB
2026/09/11 16:36:56.953, 0, 52 %, 1073 MiB, 24564 MiB
2026/09/11 16:36:57.954, 0, 0 %, 1173 MiB, 24564 MiB
2026/09/11 16:36:58.955, 0, 61 %, 1173 MiB, 24564 MiB
2026/09/11 16:36:59.956, 0, 58 %, 1173 MiB, 24564 MiB
2026/09/11 16:37:00.956, 0, 55 %, 565 MiB, 24564 MiB
2026/09/11 16:37:01.957, 0, 0 %, 565 MiB, 24564 MiB
2026/09/11 16:37:02.958, 0, 0 %, 5591 MiB, 24564 MiB
2026/09/11 16:37:03.958, 0, 96 %, 5691 MiB, 24564 MiB
2026/09/11 16:37:04.959, 0, 96 %, 5691 MiB, 24564 MiB
2026/09/11 16:37:05.959, 0, 95 %, 5691 MiB, 24564 MiB
2026/09/11 16:37:06.960, 0, 91 %, 5691 MiB, 24564 MiB
2026/09/11 16:37:07.961, 0, 92 %, 5691 MiB, 24564 MiB
2026/09/11 16:37:08.961, 0, 96 %, 5691 MiB, 24564 MiB
2026/09/11 16:37:09.962, 0, 95 %, 5691 MiB, 24564 MiB
2026/09/11 16:37:10.962, 0, 96 %, 5691 MiB, 24564 MiB
2026/09/11 16:37:11.963, 0, 95 %, 5691 MiB, 24564 MiB
2026/09/11 16:37:12.964, 0, 95 %, 5691 MiB, 24564 MiB
2026/09/11 16:37:13.964, 0, 92 %, 5691 MiB, 24564 MiB
2026/09/11 16:37:14.965, 0, 95 %, 5691 MiB, 24564 MiB
2026/09/11 16:37:15.966, 0, 96 %, 5691 MiB, 24564 MiB
2026/09/11 16:37:16.966, 0, 95 %, 5691 MiB, 24564 MiB
2026/09/11 16:37:17.967, 0, 91 %, 5691 MiB, 24564 MiB
2026/09/11 16:37:18.968, 0, 0 %, 5691 MiB, 24564 MiB
2026/09/11 16:37:19.968, 0, 56 %, 565 MiB, 24564 MiB
2026/09/11 16:37:20.969, 0, 70 %, 1453 MiB, 24564 MiB
2026/09/11 16:37:21.970, 0, 70 %, 1453 MiB, 24564 MiB
2026/09/11 16:37:22.970, 0, 68 %, 1453 MiB, 24564 MiB
2026/09/11 16:37:23.971, 0, 67 %, 565 MiB, 24564 MiB
2026/09/11 16:37:24.972, 0, 0 %, 565 MiB, 24564 MiB
2026/09/11 16:37:25.972, 0, 92 %, 4859 MiB, 24564 MiB
2026/09/11 16:37:26.973, 0, 91 %, 4859 MiB, 24564 MiB
2026/09/11 16:37:27.973, 0, 92 %, 4859 MiB, 24564 MiB
2026/09/11 16:37:28.974, 0, 95 %, 4859 MiB, 24564 MiB
2026/09/11 16:37:29.975, 0, 95 %, 4859 MiB, 24564 MiB
2026/09/11 16:37:30.975, 0, 95 %, 4859 MiB, 24564 MiB
2026/09/11 16:37:31.976, 0, 91 %, 4859 MiB, 24564 MiB
2026/09/11 16:37:32.976, 0, 91 %, 4859 MiB, 24564 MiB
2026/09/11 16:37:33.977, 0, 91 %, 4859 MiB, 24564 MiB
2026/09/11 16:37:34.978, 0, 95 %, 4859 MiB, 24564 MiB
2026/09/11 16:37:35.978, 0, 91 %, 4859 MiB, 24564 MiB
2026/09/11 16:37:36.979, 0, 91 %, 4859 MiB, 24564 MiB
2026/09/11 16:37:37.979, 0, 95 %, 4859 MiB, 24564 MiB
2026/09/11 16:37:38.980, 0, 0 %, 565 MiB, 24564 MiB
2026/09/11 16:37:39.981, 0, 0 %, 565 MiB, 24564 MiB
2026/09/11 16:37:40.981, 0, 73 %, 1513 MiB, 24564 MiB
2026/09/11 16:37:41.982, 0, 70 %, 1513 MiB, 24564 MiB
2026/09/11 16:37:42.982, 0, 69 %, 1515 MiB, 24564 MiB
2026/09/11 16:37:43.983, 0, 70 %, 1515 MiB, 24564 MiB
2026/09/11 16:37:44.983, 0, 0 %, 2651 MiB, 24564 MiB
2026/09/11 16:37:45.984, 0, 87 %, 2653 MiB, 24564 MiB
2026/09/11 16:37:46.985, 0, 90 %, 2653 MiB, 24564 MiB
2026/09/11 16:37:47.985, 0, 86 %, 2653 MiB, 24564 MiB
2026/09/11 16:37:48.986, 0, 86 %, 2653 MiB, 24564 MiB
2026/09/11 16:37:49.986, 0, 86 %, 2653 MiB, 24564 MiB
2026/09/11 16:37:50.987, 0, 85 %, 2653 MiB, 24564 MiB
2026/09/11 16:37:51.988, 0, 80 %, 565 MiB, 24564 MiB
2026/09/11 16:37:52.988, 0, 0 %, 565 MiB, 24564 MiB
2026/09/11 16:37:53.989, 0, 0 %, 565 MiB, 24564 MiB
