source_sample_id,eval_sample_id,mesh_size_mm,frame,world_radius_mm,num_world_edges,world_edges_per_node,world_degree_all_mean,world_degree_all_p05,world_degree_all_p50,world_degree_all_p95,world_degree_all_max,world_degree_tube_mean,world_degree_tube_p05,world_degree_tube_p50,world_degree_tube_p95,world_degree_tube_max,world_len_mm_mean,world_len_mm_p05,world_len_mm_p50,world_len_mm_p95,world_len_mm_max,world_zlen_abs_p95,world_zlen_abs_max,world_z_any_abs_gt3_frac,world_raw_outside_train_range_frac,world_len_outside_train_range_frac
4,4,1.0,0,2.0,83338,8.944724696790813,8.944725036621094,0.0,11.0,23.0,33.0,16.812232971191406,7.0,17.0,25.0,33.0,1.4479538202285767,0.5898479223251343,1.5238856077194214,1.982379674911499,1.9999891519546509,3.784546136856079,5.772070407867432,0.26734504103660583,0.8503444194793701,0.7013367414474487
4,4,1.0,45,2.0,81648,8.763335837716003,8.763336181640625,0.0,11.0,23.0,28.0,16.56020164489746,7.0,17.0,25.0,28.0,1.446811318397522,0.5807352066040039,1.5266321897506714,1.9810928106307983,1.9999991655349731,3.78452467918396,5.752959251403809,0.2837056815624237,0.8559916019439697,0.7050509452819824
4,4,1.0,90,2.0,76304,8.18976065257057,8.189760208129883,0.0,10.0,22.0,31.0,15.578783988952637,2.0,16.0,24.0,31.0,1.4350188970565796,0.5603331923484802,1.5190012454986572,1.9797532558441162,1.999999761581421,3.7834322452545166,5.755059242248535,0.27736422419548035,0.8586181998252869,0.712649405002594
4,4,1.0,135,2.0,71182,7.640012879682301,7.640012741088867,0.0,9.0,21.0,30.0,14.644598960876465,2.0,16.0,24.0,30.0,1.4259566068649292,0.5468840599060059,1.5128252506256104,1.9786202907562256,1.999990463256836,3.780064105987549,5.759463787078857,0.2779073417186737,0.8597679138183594,0.7171756625175476
4,4,1.0,179,2.0,66892,7.179564237415477,7.179563999176025,0.0,6.0,20.0,29.0,13.869144439697266,2.0,16.0,24.0,29.0,1.4244617223739624,0.5396443605422974,1.5191280841827393,1.9782862663269043,1.9999971389770508,3.7746169567108154,5.668532371520996,0.2899300456047058,0.8660826683044434,0.7288464903831482
4,183,0.8,0,2.0,252276,17.467008239285466,17.467008590698242,0.0,19.0,44.0,56.0,35.517581939697266,24.0,36.0,47.0,56.0,1.4883317947387695,0.7043635845184326,1.5850982666015625,1.9448050260543823,1.9999839067459106,3.6922621726989746,5.788270950317383,0.1885950267314911,0.8702928423881531,0.7645039558410645
4,183,0.8,45,2.0,244220,16.90922938447691,16.909229278564453,0.0,19.0,44.0,51.0,34.574073791503906,23.0,33.0,46.0,51.0,1.4809112548828125,0.6752160787582397,1.5850982666015625,1.9419831037521362,1.9999953508377075,3.6890110969543457,5.751498222351074,0.19011548161506653,0.8815658092498779,0.768225371837616
4,183,0.8,90,2.0,230326,15.947240877933947,15.947240829467773,0.0,18.0,43.0,54.0,32.94491195678711,12.0,33.0,46.0,54.0,1.4745441675186157,0.6565570831298828,1.5850982666015625,1.9428638219833374,1.9999959468841553,3.695634365081787,5.765547275543213,0.18817675113677979,0.8812118172645569,0.7746497988700867
4,183,0.8,135,2.0,215922,14.94994114796095,14.94994068145752,0.0,18.0,43.0,52.0,31.25667953491211,12.0,33.0,45.0,52.0,1.468143343925476,0.6391034722328186,1.5850982666015625,1.9418901205062866,1.9999712705612183,3.700666904449463,5.738494873046875,0.18741953372955322,0.8917942643165588,0.7789757251739502
4,183,0.8,179,2.0,202856,14.045281451222046,14.045281410217285,0.0,15.0,38.0,51.0,29.725269317626953,12.0,32.0,45.0,51.0,1.4660378694534302,0.6064972281455994,1.5849874019622803,1.9503728151321411,1.9999648332595825,3.7149176597595215,5.717881202697754,0.20776315033435822,0.8839768767356873,0.7758804559707642
4,184,1.25,0,2.0,34582,5.620347797822201,5.62034797668457,0.0,7.0,14.0,21.0,10.171175956726074,4.0,11.0,16.0,21.0,1.4175488948822021,0.5738430619239807,1.4674333333969116,1.9573222398757935,1.9998255968093872,3.748560905456543,5.735117435455322,0.24590829014778137,0.8314152359962463,0.6642762422561646
4,184,1.25,45,2.0,34396,5.590118641313181,5.590118885040283,0.0,7.0,14.0,21.0,10.116470336914062,4.0,10.0,15.0,21.0,1.4216241836547852,0.555320143699646,1.504514455795288,1.9557299613952637,1.999977469444275,3.7550790309906006,5.67881441116333,0.24613326787948608,0.8246307373046875,0.6921153664588928
4,184,1.25,90,2.0,32298,5.249146757679181,5.249146938323975,0.0,7.0,14.0,21.0,9.499411582946777,0.0,10.0,15.0,21.0,1.4108322858810425,0.5109157562255859,1.4945536851882935,1.9558613300323486,1.9999523162841797,3.7741432189941406,5.699480056762695,0.2431110292673111,0.8840175867080688,0.6943464279174805
4,184,1.25,135,2.0,29310,4.763529985372989,4.763530254364014,0.0,6.0,13.0,18.0,8.620588302612305,0.0,9.0,15.0,18.0,1.3858070373535156,0.4848308265209198,1.4493696689605713,1.9513801336288452,1.9998395442962646,3.8007919788360596,5.720176696777344,0.23091095685958862,0.827635645866394,0.6675537824630737
4,184,1.25,179,2.0,27304,4.437510157646677,4.4375104904174805,0.0,3.0,12.0,18.0,8.030588150024414,0.0,9.0,15.0,18.0,1.3776466846466064,0.4565922021865845,1.4470868110656738,1.9487131834030151,1.9998022317886353,3.80861234664917,5.735935688018799,0.24135658144950867,0.89085853099823,0.6757984161376953
3,3,1.0,0,2.0,308870,9.078270581665343,9.07827091217041,0.0,10.0,22.0,30.0,16.131786346435547,9.0,16.0,23.0,30.0,1.4723583459854126,0.6170414686203003,1.5097544193267822,1.9965384006500244,1.9999334812164307,3.8193509578704834,5.808080196380615,0.3032732307910919,0.7485026121139526,0.6114935278892517
3,3,1.0,45,2.0,293878,8.637627487288011,8.637627601623535,0.0,10.0,22.0,28.0,15.42573070526123,9.0,15.0,23.0,28.0,1.4616937637329102,0.549860417842865,1.478750228881836,1.9964972734451294,1.9999957084655762,3.8239269256591797,5.805451393127441,0.3164442479610443,0.7706326842308044,0.6092119812965393
3,3,1.0,90,2.0,270510,7.950797989595274,7.950798034667969,0.0,10.0,21.0,28.0,14.279541969299316,2.0,14.0,23.0,28.0,1.449815034866333,0.619339644908905,1.469827651977539,1.9965506792068481,1.9999990463256836,3.825962781906128,5.806213855743408,0.31252819299697876,0.7669069766998291,0.6210861206054688
3,3,1.0,135,2.0,242570,7.1295888075713485,7.129588603973389,0.0,9.0,20.0,26.0,12.908093452453613,2.0,13.0,22.0,26.0,1.4313606023788452,0.6055509448051453,1.4656790494918823,1.9946008920669556,1.9999979734420776,3.8214712142944336,5.804864883422852,0.284808486700058,0.7946736812591553,0.6512346863746643
3,3,1.0,179,2.0,217932,6.405431619786615,6.405431747436523,0.0,2.0,17.0,26.0,11.703213691711426,2.0,13.0,22.0,26.0,1.4279667139053345,0.5565225481987,1.4739084243774414,1.9892103672027588,1.9999886751174927,3.8205959796905518,5.7949604988098145,0.2932290732860565,0.7932015657424927,0.6624818444252014
3,185,0.8,0,2.0,938772,17.660364580393928,17.660364151000977,0.0,16.0,45.0,52.0,34.82195281982422,23.0,33.0,46.0,52.0,1.5091824531555176,0.6844953894615173,1.588409423828125,1.9480985403060913,1.9999996423721313,3.6862998008728027,5.813254356384277,0.19518689811229706,0.9087850451469421,0.7631416320800781
3,185,0.8,45,2.0,900654,16.94328122354535,16.943281173706055,0.0,16.0,44.0,51.0,33.65060806274414,21.0,33.0,46.0,51.0,1.502024531364441,0.6739965677261353,1.5893622636795044,1.9453378915786743,1.9999970197677612,3.686464309692383,5.801429748535156,0.19581104815006256,0.8975899815559387,0.7714305520057678
3,185,0.8,90,2.0,837802,15.76089696559249,15.760896682739258,0.0,16.0,44.0,51.0,31.719194412231445,12.0,32.0,46.0,51.0,1.4962798357009888,0.6585026979446411,1.5892106294631958,1.9464714527130127,1.9999982118606567,3.68526029586792,5.797162055969238,0.19544953107833862,0.9030510783195496,0.7745290994644165
3,185,0.8,135,2.0,770778,14.500028218296743,14.500027656555176,0.0,15.0,43.0,51.0,29.659578323364258,12.0,32.0,45.0,51.0,1.4931244850158691,0.6556491255760193,1.5932973623275757,1.94633150100708,1.9999970197677612,3.676988124847412,5.793338298797607,0.19537661969661713,0.9020704030990601,0.7776376605033875
3,185,0.8,179,2.0,708860,13.335214553116241,13.335214614868164,0.0,12.0,36.0,50.0,27.756868362426758,12.0,31.0,45.0,50.0,1.493298053741455,0.6484741568565369,1.599926233291626,1.950624942779541,1.9999980926513672,3.685899257659912,5.802778720855713,0.2036227136850357,0.9003554582595825,0.7800552845001221
3,186,1.25,0,2.0,128642,5.816693796346536,5.8166937828063965,0.0,6.0,14.0,20.0,9.603015899658203,4.0,9.0,15.0,20.0,1.4419158697128296,0.4651084542274475,1.4920953512191772,1.953175663948059,1.9999244213104248,3.809117317199707,5.801181316375732,0.23516425490379333,0.9130144715309143,0.6482952833175659
3,186,1.25,45,2.0,120650,5.4553264604811,5.455326557159424,0.0,6.0,13.0,19.0,9.006420135498047,4.0,9.0,15.0,19.0,1.422734260559082,0.42167770862579346,1.4778715372085571,1.9534852504730225,1.999847412109375,3.827019453048706,5.7872700691223145,0.22882719337940216,0.8830170631408691,0.6516701579093933
3,186,1.25,90,2.0,113006,5.109694338940134,5.109694480895996,0.0,6.0,13.0,18.0,8.43580150604248,0.0,9.0,14.0,18.0,1.4248286485671997,0.44605106115341187,1.4911772012710571,1.9523154497146606,1.9999639987945557,3.8153505325317383,5.796595096588135,0.24280127882957458,0.9113144874572754,0.669008731842041
3,186,1.25,135,2.0,100496,4.544040513655272,4.544040679931641,0.0,5.0,13.0,19.0,7.501940727233887,0.0,8.0,14.0,19.0,1.4063220024108887,0.4340532422065735,1.4655399322509766,1.9478579759597778,1.9999885559082031,3.8192410469055176,5.783701419830322,0.22862602770328522,0.860790491104126,0.6502547860145569
3,186,1.25,179,2.0,91240,4.125519985530837,4.125519752502441,0.0,1.0,12.0,19.0,6.810988426208496,0.0,8.0,14.0,19.0,1.4066168069839478,0.44255751371383667,1.476100206375122,1.9533942937850952,1.999997615814209,3.817045211791992,5.799798965454102,0.24206487834453583,0.8890179395675659,0.6699473857879639
139,139,1.0,0,2.0,342340,10.830802328524424,10.830801963806152,0.0,12.0,26.0,35.0,19.909347534179688,13.0,19.0,28.0,35.0,1.493800401687622,0.676322340965271,1.5761284828186035,1.9727935791015625,1.999997854232788,3.7060186862945557,5.8104095458984375,0.32364314794540405,0.8330782055854797,0.7097797393798828
139,139,1.0,45,2.0,319718,10.115097443685142,10.115097045898438,0.0,12.0,26.0,31.0,18.63393783569336,11.0,17.0,27.0,31.0,1.4818772077560425,0.6596185564994812,1.5621343851089478,1.9728012084960938,1.9999984502792358,3.74120831489563,5.804713726043701,0.3218523859977722,0.8317704796791077,0.7096128463745117
139,139,1.0,90,2.0,292532,9.254998734497596,9.254998207092285,0.0,11.0,26.0,31.0,17.128965377807617,2.0,17.0,27.0,31.0,1.4774024486541748,0.6287360191345215,1.5643712282180786,1.972808837890625,1.9999994039535522,3.7508950233459473,5.792786598205566,0.32858628034591675,0.8365170359611511,0.7075943946838379
139,139,1.0,135,2.0,262796,8.31422424702607,8.314224243164062,0.0,10.0,25.0,31.0,15.468334197998047,2.0,16.0,27.0,31.0,1.4727433919906616,0.6182535290718079,1.5618290901184082,1.9730224609375,1.999999761581421,3.760751247406006,5.797771453857422,0.3261617422103882,0.8411924242973328,0.7153229117393494
139,139,1.0,179,2.0,231558,7.325930144267274,7.325930118560791,0.0,2.0,21.0,33.0,13.715167999267578,2.0,15.0,26.0,33.0,1.4659751653671265,0.5998671054840088,1.5558741092681885,1.9737396240234375,1.9999953508377075,3.7756998538970947,5.790966987609863,0.3254130482673645,0.8536953926086426,0.7203119397163391
139,174,0.8,0,2.0,896746,18.412541321889822,18.412540435791016,0.0,19.0,46.0,54.0,36.39317321777344,25.0,35.0,48.0,54.0,1.4882845878601074,0.7083852887153625,1.5891876220703125,1.946409821510315,1.9999945163726807,3.678582191467285,5.8151164054870605,0.1891951560974121,0.8502095341682434,0.7417975664138794
139,174,0.8,45,2.0,852010,17.49399420980227,17.493993759155273,0.0,18.0,46.0,52.0,34.87556838989258,22.0,33.0,47.0,52.0,1.482946515083313,0.6756200790405273,1.5875868797302246,1.9458587169647217,1.999998688697815,3.68148136138916,5.795932769775391,0.19360336661338806,0.8524031639099121,0.7465382218360901
139,174,0.8,90,2.0,790384,16.228651212450977,16.22865104675293,0.0,17.0,45.0,52.0,32.78499221801758,12.0,32.0,47.0,52.0,1.4808557033538818,0.6643983125686646,1.588813066482544,1.9471756219863892,1.999998927116394,3.685002565383911,5.793816566467285,0.195095032453537,0.8638889193534851,0.7546053528785706
139,174,0.8,135,2.0,722490,14.834609777631767,14.834609985351562,0.0,16.0,45.0,54.0,30.481782913208008,12.0,31.0,47.0,54.0,1.4802640676498413,0.6654432415962219,1.5891685485839844,1.9464033842086792,1.9999923706054688,3.6803314685821533,5.791065692901611,0.1905742734670639,0.8684771060943604,0.7649158239364624
139,174,0.8,179,2.0,657696,13.504219452600456,13.504219055175781,0.0,12.0,37.0,52.0,28.283735275268555,12.0,31.0,46.0,52.0,1.482600212097168,0.6459689140319824,1.5904417037963867,1.9478024244308472,1.9999966621398926,3.677004337310791,5.790946006774902,0.19725830852985382,0.8840953707695007,0.7664452791213989
139,175,1.25,0,2.0,119798,5.988103568929321,5.98810338973999,0.0,7.0,15.0,20.0,10.284855842590332,5.0,10.0,16.0,20.0,1.4234261512756348,0.49032747745513916,1.4753022193908691,1.9447129964828491,1.9999421834945679,3.791412353515625,5.802005767822266,0.21985343098640442,0.8900482654571533,0.6337334513664246
139,175,1.25,45,2.0,112364,5.616515045486354,5.616514682769775,0.0,7.0,14.0,19.0,9.646635055541992,4.0,9.0,15.0,19.0,1.411592721939087,0.4001232385635376,1.4623241424560547,1.9463262557983398,1.9999760389328003,3.8910887241363525,5.803290843963623,0.22500088810920715,0.8695311546325684,0.626001238822937
139,175,1.25,90,2.0,102290,5.11296611016695,5.112966060638428,0.0,7.0,14.0,19.0,8.78176498413086,0.0,9.0,15.0,19.0,1.4052058458328247,0.4298099875450134,1.4710365533828735,1.9446686506271362,1.9999796152114868,3.8191611766815186,5.803687572479248,0.22711896896362305,0.9004008173942566,0.6487828493118286
139,175,1.25,135,2.0,91964,4.596820953713886,4.596820831298828,0.0,6.0,13.0,18.0,7.895261287689209,0.0,8.0,15.0,18.0,1.4022741317749023,0.4388170540332794,1.4691085815429688,1.942161202430725,1.9999979734420776,3.8107824325561523,5.792366981506348,0.22445739805698395,0.8809969425201416,0.6591927409172058
139,175,1.25,179,2.0,81324,4.064980505848245,4.064980506896973,0.0,0.0,12.0,19.0,6.981799602508545,0.0,8.0,15.0,19.0,1.400264859199524,0.43564552068710327,1.4798004627227783,1.9439334869384766,1.999966025352478,3.819774627685547,5.7610063552856445,0.23385469615459442,0.913334310054779,0.6777580976486206
15,15,1.0,0,2.0,475278,9.17968131337518,9.179680824279785,0.0,10.0,22.0,29.0,15.396112442016602,8.0,15.0,23.0,29.0,1.4494037628173828,0.6242921948432922,1.5173648595809937,1.9586310386657715,1.9999955892562866,3.7329702377319336,5.813494682312012,0.24538899958133698,0.8520612716674805,0.6784534454345703
15,15,1.0,45,2.0,450532,8.701728633510381,8.701728820800781,0.0,10.0,22.0,29.0,14.817233085632324,7.0,15.0,23.0,29.0,1.444929838180542,0.5974879264831543,1.5096670389175415,1.9644310474395752,1.9999985694885254,3.766735553741455,5.812010288238525,0.266289621591568,0.8430966138839722,0.6785222887992859
15,15,1.0,90,2.0,410584,7.930159343312409,7.930159091949463,0.0,9.0,21.0,28.0,13.68130874633789,2.0,14.0,23.0,28.0,1.438389539718628,0.5846115946769714,1.5084781646728516,1.9644043445587158,1.999999761581421,3.7647087574005127,5.773012638092041,0.26528555154800415,0.8539056777954102,0.6872552037239075
15,15,1.0,135,2.0,367032,7.088981168517624,7.0889811515808105,0.0,9.0,20.0,29.0,12.425849914550781,2.0,13.0,23.0,29.0,1.438218593597412,0.582758903503418,1.5000697374343872,1.968399167060852,2.0,3.777587413787842,5.788209438323975,0.2826293110847473,0.8433814644813538,0.6778755187988281
15,15,1.0,179,2.0,327672,6.328768710767745,6.328768730163574,0.0,2.0,17.0,27.0,11.309685707092285,2.0,13.0,22.0,27.0,1.4438058137893677,0.5827283263206482,1.5289236307144165,1.968640923500061,1.9999898672103882,3.774578094482422,5.75327730178833,0.2902292311191559,0.8685148358345032,0.7114858627319336
15,187,0.8,0,2.0,1481380,18.384194393080083,18.38419532775879,0.0,17.0,46.0,56.0,35.99651336669922,24.0,33.0,47.0,56.0,1.5056676864624023,0.7973560690879822,1.596946358680725,1.9347537755966187,1.9999901056289673,3.656186580657959,5.82286262512207,0.16849154233932495,0.8826391696929932,0.7799457311630249
15,187,0.8,45,2.0,1399914,17.373186562255675,17.373186111450195,0.0,17.0,45.0,52.0,34.345802307128906,20.0,33.0,47.0,52.0,1.4981505870819092,0.7923181653022766,1.5973107814788818,1.9386696815490723,1.9999994039535522,3.6762869358062744,5.816826343536377,0.17222343385219574,0.8969093561172485,0.7850139141082764
15,187,0.8,90,2.0,1294280,16.06224946946475,16.0622501373291,0.0,16.0,45.0,52.0,32.20538330078125,12.0,33.0,47.0,52.0,1.494726300239563,0.7741578817367554,1.5993752479553223,1.933774471282959,1.9999959468841553,3.657057285308838,5.816917896270752,0.17279568314552307,0.8901041746139526,0.7896575927734375
15,187,0.8,135,2.0,1178998,14.631578947368421,14.631579399108887,0.0,15.0,44.0,54.0,29.869468688964844,12.0,33.0,47.0,54.0,1.4974300861358643,0.7760616540908813,1.6107468605041504,1.932169795036316,1.9999948740005493,3.638995409011841,5.813329219818115,0.1661478728055954,0.8957284092903137,0.7982388734817505
15,187,0.8,179,2.0,1058676,13.138361111455838,13.138360977172852,0.0,12.0,37.0,53.0,27.43143081665039,12.0,31.0,45.0,53.0,1.497798204421997,0.7508189082145691,1.618025302886963,1.9348829984664917,1.9999996423721313,3.6451292037963867,5.815720558166504,0.17369431257247925,0.8959039449691772,0.8033373951911926
15,188,1.25,0,2.0,195244,5.900036262540795,5.900036334991455,0.0,7.0,14.0,20.0,9.97262191772461,4.0,10.0,15.0,20.0,1.4508049488067627,0.6256635189056396,1.5258572101593018,1.9564257860183716,1.999979853630066,3.7290523052215576,5.808119773864746,0.2419741451740265,0.8559853434562683,0.6917600631713867
15,188,1.25,45,2.0,180898,5.4665175873322855,5.466517448425293,0.0,6.0,14.0,19.0,9.239860534667969,3.0,9.0,15.0,19.0,1.4348646402359009,0.5983142256736755,1.508717656135559,1.9561961889266968,1.9999974966049194,3.7326529026031494,5.786037921905518,0.24053333699703217,0.84098219871521,0.6926112771034241
15,188,1.25,90,2.0,164606,4.974193158467303,4.974193096160889,0.0,6.0,14.0,18.0,8.407702445983887,0.0,8.0,15.0,18.0,1.430738925933838,0.5996170043945312,1.5111865997314453,1.9574750661849976,1.9999966621398926,3.7267799377441406,5.7918620109558105,0.24449898302555084,0.8471744656562805,0.7035831212997437
15,188,1.25,135,2.0,144866,4.377674362383658,4.377674102783203,0.0,5.0,13.0,19.0,7.399427890777588,0.0,8.0,15.0,19.0,1.4206722974777222,0.5919994115829468,1.4974125623703003,1.9568688869476318,1.9999887943267822,3.7266838550567627,5.7701239585876465,0.2409537136554718,0.8369389772415161,0.6993911862373352
15,188,1.25,179,2.0,123878,3.7434425238728393,3.7434425354003906,0.0,0.0,10.0,18.0,6.327408313751221,0.0,8.0,14.0,18.0,1.4071184396743774,0.5734149813652039,1.4854097366333008,1.9545835256576538,1.9999662637710571,3.7217535972595215,5.726672649383545,0.23894476890563965,0.8442822694778442,0.7081483602523804
128,128,1.0,0,2.0,862050,10.271181593966329,10.271181106567383,0.0,11.0,25.0,33.0,18.52093505859375,11.0,18.0,26.0,33.0,1.5266332626342773,0.6609392762184143,1.6101747751235962,1.9844629764556885,2.0,3.7580368518829346,5.816059112548828,0.34510526061058044,0.8895330429077148,0.7364839315414429
128,128,1.0,45,2.0,799336,9.523954771294784,9.523954391479492,0.0,10.0,25.0,30.0,17.1634464263916,5.0,16.0,26.0,30.0,1.5094021558761597,0.6297070384025574,1.5947990417480469,1.984466552734375,1.9999990463256836,3.7623095512390137,5.8062944412231445,0.34011730551719666,0.8809337019920349,0.7317723631858826
128,128,1.0,90,2.0,720428,8.583779146659676,8.583779335021973,0.0,9.0,24.0,31.0,15.510927200317383,2.0,15.0,26.0,31.0,1.4980549812316895,0.6212937831878662,1.5839675664901733,1.9844512939453125,2.0,3.7655370235443115,5.8055644035339355,0.33790192008018494,0.8786304593086243,0.7264459729194641
128,128,1.0,135,2.0,636248,7.580788523633071,7.580788612365723,0.0,9.0,23.0,30.0,13.75255012512207,2.0,15.0,25.0,30.0,1.4942057132720947,0.6165445446968079,1.5816800594329834,1.9844207763671875,1.9999970197677612,3.767879009246826,5.794164657592773,0.33936136960983276,0.8702644109725952,0.7234286069869995
128,128,1.0,179,2.0,545012,6.493726840543793,6.49372673034668,0.0,2.0,18.0,30.0,11.858753204345703,2.0,14.0,24.0,30.0,1.4847216606140137,0.5902884602546692,1.5822287797927856,1.9833482503890991,1.9999911785125732,3.7728826999664307,5.8057451248168945,0.33790814876556396,0.8736578226089478,0.7361379265785217
128,178,0.8,0,2.0,2318732,17.78905374925199,17.78905487060547,0.0,16.0,45.0,52.0,35.01497268676758,23.0,33.0,46.0,52.0,1.5226099491119385,0.8061680197715759,1.6138314008712769,1.9449371099472046,1.9999995231628418,3.6883602142333984,5.818567752838135,0.1863354593515396,0.9208360314369202,0.7976609468460083
128,178,0.8,45,2.0,2197662,16.86021818851365,16.860218048095703,0.0,15.0,45.0,51.0,33.49917221069336,15.0,33.0,46.0,51.0,1.5146899223327637,0.7994099855422974,1.6138668060302734,1.9464678764343262,1.999998688697815,3.7034244537353516,5.810370922088623,0.1923016458749771,0.9085901379585266,0.7997881770133972
128,178,0.8,90,2.0,2023314,15.522639743452043,15.522640228271484,0.0,14.0,44.0,51.0,31.31633186340332,12.0,32.0,46.0,51.0,1.5112773180007935,0.781555712223053,1.6127169132232666,1.9422831535339355,1.9999972581863403,3.6759026050567627,5.8184123039245605,0.19137315452098846,0.9112949967384338,0.8031664490699768
128,178,0.8,135,2.0,1832494,14.05868994829147,14.058690071105957,0.0,14.0,43.0,52.0,28.92725944519043,12.0,31.0,46.0,52.0,1.511216163635254,0.7493447065353394,1.6238491535186768,1.9456326961517334,1.9999980926513672,3.6872475147247314,5.813493251800537,0.19363337755203247,0.9123958945274353,0.8036926984786987
128,178,0.8,179,2.0,1610710,12.357187792490755,12.35718822479248,0.0,12.0,35.0,52.0,26.15049171447754,12.0,30.0,44.0,52.0,1.5104572772979736,0.6877540946006775,1.6273068189620972,1.948281168937683,2.0,3.6948740482330322,5.778960704803467,0.20787106454372406,0.9233592748641968,0.812616765499115
128,179,1.25,0,2.0,335446,6.237142538395746,6.237143039703369,0.0,6.0,15.0,21.0,10.195926666259766,5.0,9.0,15.0,21.0,1.492365837097168,0.2657017111778259,1.5835033655166626,1.9633773565292358,1.9999985694885254,4.540068626403809,5.812368869781494,0.31342750787734985,0.8971697688102722,0.7026764750480652
128,179,1.25,45,2.0,280344,5.212599010821465,5.212599277496338,0.0,6.0,12.0,18.0,8.52109432220459,2.0,9.0,14.0,18.0,1.4224681854248047,0.6110737919807434,1.4081168174743652,1.9210972785949707,1.9999247789382935,3.62605881690979,5.722257137298584,0.22691407799720764,0.8553705215454102,0.5912664532661438
128,179,1.25,90,2.0,248340,4.617530028634116,4.617530345916748,0.0,5.0,11.0,16.0,7.548328399658203,0.0,9.0,13.0,16.0,1.4012362957000732,0.4603422284126282,1.4673182964324951,1.9409737586975098,1.9999990463256836,3.6967060565948486,5.719162464141846,0.21178221702575684,0.9007408618927002,0.6667713522911072
128,179,1.25,135,2.0,218116,4.055557621509055,4.055557727813721,0.0,4.0,11.0,18.0,6.629665374755859,0.0,8.0,12.0,18.0,1.4001567363739014,0.38162046670913696,1.4819424152374268,1.9389710426330566,1.9999852180480957,3.9804189205169678,5.749109745025635,0.21200644969940186,0.8563883304595947,0.6819857358932495
128,179,1.25,179,2.0,193884,3.6049979547060356,3.6049981117248535,0.0,0.0,10.0,18.0,5.893130779266357,0.0,7.0,13.0,18.0,1.4116549491882324,0.38616418838500977,1.4890114068984985,1.9685732126235962,1.999999761581421,3.958482265472412,5.689207553863525,0.2571537494659424,0.8923170566558838,0.6846155524253845
