mean_free_mm,final_free_mm,p95_free_mm,p99_free_mm,max_free_mm,max_pred_frame,max_free_local_index,rel_l2_pct,case,sample_id,method,ood_label
0.0039588455110788345,0.006095463875681162,0.016451822593808174,0.02717626467347145,0.05977946147322655,9,1151,0.025719432279276564,trajectory_bend_Base_TC4_sample_0156.npz,156,roundtrip,D_low
0.02292758785188198,0.03568851947784424,0.06973273307085037,0.09657181799411774,0.13225136697292328,24,1117,0.11992244074957222,trajectory_bend_Base_TC4_sample_0156.npz,156,pod_oracle,D_low
0.04884710907936096,0.07869137078523636,0.11629147827625275,0.169255793094635,0.2938653826713562,119,1176,0.22503041087376086,trajectory_bend_Base_TC4_sample_0156.npz,156,rom,D_low
0.002590765943750739,0.004119579214602709,0.010248268954455853,0.014748034067451954,0.04911801591515541,7,1669,0.011689173028000257,trajectory_bend_Base_TC4_sample_0157.npz,157,roundtrip,D_low
0.015347141772508621,0.029069039970636368,0.039813440293073654,0.060441404581069946,0.1298086941242218,180,481,0.05024474470307174,trajectory_bend_Base_TC4_sample_0157.npz,157,pod_oracle,D_low
0.034855592995882034,0.05171361565589905,0.06819605082273483,0.08334381878376007,0.186867818236351,180,580,0.10005946265106277,trajectory_bend_Base_TC4_sample_0157.npz,157,rom,D_low
0.005046704784035683,0.008407335728406906,0.019883161410689354,0.042489878833293915,0.19535012543201447,11,19856,0.00833519520003268,trajectory_bend_Base_TC4_sample_0158.npz,158,roundtrip,D_high
0.024469044059515,0.03709683194756508,0.0737079530954361,0.14506852626800537,0.3369615375995636,159,7055,0.028076325451432266,trajectory_bend_Base_TC4_sample_0158.npz,158,pod_oracle,D_high
0.03155239671468735,0.05046990513801575,0.09310571849346161,0.1587141901254654,0.3540801405906677,42,17166,0.03411833583756792,trajectory_bend_Base_TC4_sample_0158.npz,158,rom,D_high
0.0047349147498607635,0.007600813172757626,0.01745029166340828,0.04832354933023453,0.18519073724746704,5,23313,0.007495662234153788,trajectory_bend_Base_TC4_sample_0159.npz,159,roundtrip,D_high
0.02435537613928318,0.0453486330807209,0.07657217234373093,0.13887304067611694,0.32951268553733826,171,6484,0.024311391582154004,trajectory_bend_Base_TC4_sample_0159.npz,159,pod_oracle,D_high
0.03660842403769493,0.068566232919693,0.09893306344747543,0.15463203191757202,0.35161304473876953,78,15921,0.03213843469080171,trajectory_bend_Base_TC4_sample_0159.npz,159,rom,D_high
0.0027094215620309114,0.004455204587429762,0.011492520570755005,0.0178273543715477,0.06362563371658325,108,1247,0.013166076065328087,trajectory_bend_Base_TC4_sample_0162.npz,162,roundtrip,tD_high
0.01822267286479473,0.034229736775159836,0.05123976245522499,0.07743272930383682,0.1521340012550354,178,720,0.06352286282430274,trajectory_bend_Base_TC4_sample_0162.npz,162,pod_oracle,tD_high
0.05414364114403725,0.07935142517089844,0.10253170132637024,0.12001616507768631,0.15727369487285614,179,1753,0.15446731046955864,trajectory_bend_Base_TC4_sample_0162.npz,162,rom,tD_high
0.0028600541409105062,0.00424318527802825,0.010407715104520321,0.016590965911746025,0.07287821173667908,6,3772,0.008730943418309633,trajectory_bend_Base_TC4_sample_0163.npz,163,roundtrip,tD_high
0.021872831508517265,0.03616714105010033,0.05427790433168411,0.0718926414847374,0.13045929372310638,121,1909,0.04565174933469092,trajectory_bend_Base_TC4_sample_0163.npz,163,pod_oracle,tD_high
0.0825653001666069,0.09893304854631424,0.13468171656131744,0.16694167256355286,0.23523294925689697,119,1936,0.15250326573463102,trajectory_bend_Base_TC4_sample_0163.npz,163,rom,tD_high
0.003012483473867178,0.0054121664725244045,0.01232719887048006,0.025248298421502113,0.09733235090970993,4,8559,0.006448130885040364,trajectory_bend_Base_TC4_sample_0166.npz,166,roundtrip,RD_high
0.02062767557799816,0.05075179040431976,0.06306178867816925,0.10692255198955536,0.347556471824646,180,2612,0.0303602532022983,trajectory_bend_Base_TC4_sample_0166.npz,166,pod_oracle,RD_high
0.04198243096470833,0.07182595133781433,0.11706244945526123,0.19258537888526917,0.38131919503211975,164,4075,0.05731518670785917,trajectory_bend_Base_TC4_sample_0166.npz,166,rom,RD_high
0.004259916488081217,0.006880233529955149,0.015441426075994968,0.039802033454179764,0.14534135162830353,8,19052,0.006495444131888258,trajectory_bend_Base_TC4_sample_0167.npz,167,roundtrip,RD_high
0.027716128155589104,0.06602652370929718,0.08441129326820374,0.1445603221654892,0.5940053462982178,180,5856,0.027425810813119903,trajectory_bend_Base_TC4_sample_0167.npz,167,pod_oracle,RD_high
0.04369344562292099,0.07766812294721603,0.10911354422569275,0.17721639573574066,0.5965895652770996,180,5856,0.03732970781928943,trajectory_bend_Base_TC4_sample_0167.npz,167,rom,RD_high
0.0023635798133909702,0.003664180403575301,0.008595607243478298,0.013492011465132236,0.04896295443177223,7,1669,0.010400850716994623,trajectory_bend_Base_TC4_sample_0168.npz,168,roundtrip,D_low+tD_high
0.017298482358455658,0.036971498280763626,0.04787318408489227,0.06812562048435211,0.12039574235677719,180,588,0.05746113231363191,trajectory_bend_Base_TC4_sample_0168.npz,168,pod_oracle,D_low+tD_high
0.05014296621084213,0.08647806197404861,0.10819408297538757,0.1296616643667221,0.19277583062648773,180,589,0.14536443091076093,trajectory_bend_Base_TC4_sample_0168.npz,168,rom,D_low+tD_high
0.002298250561580062,0.003894365392625332,0.009608794003725052,0.013241599313914776,0.046033237129449844,4,1957,0.008882413869650448,trajectory_bend_Base_TC4_sample_0169.npz,169,roundtrip,D_low+RD_high
0.01646481268107891,0.037553571164608,0.039539046585559845,0.05511701479554176,0.23833401501178741,180,642,0.04519537370359621,trajectory_bend_Base_TC4_sample_0169.npz,169,pod_oracle,D_low+RD_high
0.05920819938182831,0.07750478386878967,0.10842958092689514,0.13169357180595398,0.3174232244491577,180,651,0.1380245048895544,trajectory_bend_Base_TC4_sample_0169.npz,169,rom,D_low+RD_high
0.004445966798812151,0.007383209653198719,0.0168125219643116,0.04417449235916138,0.1850048452615738,4,24464,0.006198317864641353,trajectory_bend_Base_TC4_sample_0171.npz,171,roundtrip,D_high+RD_high
0.029987460002303123,0.09842102229595184,0.09065312147140503,0.15825822949409485,0.8044144511222839,180,7343,0.026493777924036965,trajectory_bend_Base_TC4_sample_0171.npz,171,pod_oracle,D_high+RD_high
0.04605438932776451,0.18083462119102478,0.1280820667743683,0.18479736149311066,0.7005116939544678,180,7343,0.036253366522931846,trajectory_bend_Base_TC4_sample_0171.npz,171,rom,D_high+RD_high
0.002752715488895774,0.0038060022052377462,0.00930098444223404,0.01846982166171074,0.0623120479285717,4,3818,0.008063663684465677,trajectory_bend_Base_TC4_sample_0172.npz,172,roundtrip,tD_high+RD_high
0.01788095384836197,0.04129187762737274,0.04711449518799782,0.06910276412963867,0.2475913017988205,180,1168,0.03571969916242653,trajectory_bend_Base_TC4_sample_0172.npz,172,pod_oracle,tD_high+RD_high
0.05493196099996567,0.08711513876914978,0.1167367622256279,0.15724647045135498,0.26653698086738586,180,1167,0.09633712065243637,trajectory_bend_Base_TC4_sample_0172.npz,172,rom,tD_high+RD_high
0.005210584495216608,0.0075179715640842915,0.01888744905591011,0.05093501880764961,0.19077709317207336,9,18284,0.009872776038902326,trajectory_bend_Base_TC4_sample_0180.npz,180,roundtrip,D_high_mild
0.028568102046847343,0.04125593602657318,0.08753643184900284,0.15759721398353577,0.33308711647987366,57,14567,0.03489523967318634,trajectory_bend_Base_TC4_sample_0180.npz,180,pod_oracle,D_high_mild
0.059691671282052994,0.08676671236753464,0.15248224139213562,0.22603566944599152,0.38418048620224,39,15953,0.06032757555221805,trajectory_bend_Base_TC4_sample_0180.npz,180,rom,D_high_mild
0.003070545382797718,0.004594813566654921,0.01074710488319397,0.018739869818091393,0.07606261968612671,5,3965,0.010156455772805184,trajectory_bend_Base_TC4_sample_0181.npz,181,roundtrip,tD_high_mild
0.022490711882710457,0.03746246546506882,0.058231983333826065,0.07970846444368362,0.1576533168554306,143,1703,0.050999223752897414,trajectory_bend_Base_TC4_sample_0181.npz,181,pod_oracle,tD_high_mild
0.07849855720996857,0.09697358310222626,0.12684889137744904,0.16059745848178864,0.2461969256401062,127,1964,0.15286960048122725,trajectory_bend_Base_TC4_sample_0181.npz,181,rom,tD_high_mild
0.0027048883493989706,0.004321194253861904,0.011335162445902824,0.02124200388789177,0.10507706552743912,7,8179,0.006094791716852104,trajectory_bend_Base_TC4_sample_0182.npz,182,roundtrip,RD_high_mild
0.017415981739759445,0.038623932749032974,0.04669725149869919,0.08323051035404205,0.27502402663230896,180,2536,0.025624183632270554,trajectory_bend_Base_TC4_sample_0182.npz,182,pod_oracle,RD_high_mild
0.027745261788368225,0.05108918249607086,0.08271601796150208,0.11737373471260071,0.2658177316188812,180,2535,0.04017508708873805,trajectory_bend_Base_TC4_sample_0182.npz,182,rom,RD_high_mild
